ID,GenBank_EMBL_ID,Source_DB,PubMed_ID,Sequence,PLACE_AC
-10PEHVPSBD,-,-,11587507,TATTCT,S000392
-141NTG13,M62855,GenBank,1921969,GCTTTTGATGACTTCAAACAC,S000335
-284MOTIFZMSBE1,-,-,10482678,CGTGCAAGCCCAAAGGCCAATCGGCCCAGA,S000285
-300CORE,X03103,GenBank,4059057,TGTAAAG,S000001
-300ELEMENT,-,-,15467781,TGHAAARK,S000122
-300MOTIFZMZEIN,-,-,2152160,RTGAGTCAT,S000002
-314MOTIFZMSBE1,-,-,10482678,ACATAAAATAAAAAAAGGCA,S000284
14BPATERD1,-,-,12535340,CACTAAATTGTCAC,S000412
20NTNTNOS,-,-,8111010,TGAGCTAAGCACATACGTCA,S000312
23BPUASNSCYCB1,-,-,-,TTTATTTACCAAACGGTAACATC,S000283
23BPZM27KDAZEIN,-,-,8007944,GACGTGTAAAGTAAATTTACAAC,S000341
27BPDRCONSENSUSPS25S,-,-,10394949,TCCGCCWCTTGTATTCGTTGCGTTGMA,S000286
2SSEEDPROTBANAPA,-,-,8818291,CAAACAC,S000143
3AF1BOXPSRBCS3,X62746,GenBank,2152132,AAATAGATAAATAAAAACATT,S000004
5256BOXLELAT5256,X56487,GenBank,1840556,TGTGGTTATATA,S000279
5659BOXLELAT5659,X56488,GenBank,1840556,GAAWTTGTGA,S000280
AACACOREOSGLUB1,-,-,10929134,AACAAAC,S000353
AACAOSGLUB1,-,-,10394940,CAACAAACTATATC,S000276
AAGACGTAGATACL12,-,-,7858229,AAGACGTAG,S000344
ABADESI1,X60363,GenBank,2137613,RTACGTGGCR,S000007
ABADESI2,-,-,1832669,GGACGCGTGGC,S000008
ABAREG2,-,-,8281041,ATGTACGAAGC,S000009
ABASEED1,-,-,8281041,TGTTACGTGCC,S000011
ABFOS,-,-,9418055,GCATCTTTACTTTAGCATC,S000190
ABRE2HVA1,X78205,GenBank,7948917,CCTACGTGGCGG,S000134
ABRE2HVA22,-,-,7734964,CGCACGTGTC,S000117
ABRE3HVA1,X78205,GenBank,7948917,GCAACGTGTC,S000135
ABRE3HVA22,-,-,7734964,GCCACGTACA,S000118
ABRE3OSRAB16,-,-,1831269,GTACGTGGCGC,S000120
ABREA2HVA1,-,-,8768371,CCTACGTGGC,S000140
ABREATCONSENSUS,-,-,10636868,YACGTGGC,S000406
ABREATRD22,-,-,7770045,RYACGTGGYR,S000013
ABREAZMRAB28,-,-,11407411,GCCACGTGGG,S000218
ABREBNNAPA,-,-,8818291,CGCCACGTGTCC,S000145
ABREBZMRAB28,-,-,11407411,TCCACGTCTC,S000219
ABRECE1HVA22,-,-,7734964,TGCCACCGG,S000014
ABRECE3HVA1,-,-,8768371,ACGCGTGTCCTC,S000141
ABRECE3ZMRAB28,-,-,11407411,ACGCGCCTCCTC,S000221
ABREDISTBBNNAPA,-,-,10480393,GCCACTTGTC,S000262
ABRELATERD1,-,-,12535340,ACGTG,S000414
ABREMOTIFAOSOSEM,U22102,GenBank,7599651,TACGTGTC,S000299
ABREMOTIFIIIOSRAB16B,-,-,8883374,GCCGCGTGGC,S000291
ABREMOTIFIOSRAB16B,-,-,8883374,AGTACGTGGC,S000290
ABREOSRAB21,-,-,2562556,ACGTSSSC,S000012
ABRERATCAL,-,-,16980540,MACGYGB,S000507
ABRETAEM,M62893,GenBank,2145628,GGACACGTGGC,S000015
ABREZMRAB28,-,-,16113229,CCACGTGG,S000133
ACEATCHS,-,-,9526507,GACACGTAGA,S000355
ACGTABOX,L34551,GenBank,8119490,TACGTA,S000130
ACGTABREMOTIFA2OSEM,-,-,11828032,ACGTGKC,S000394
ACGTABREMOTIFAOSOSEM,-,-,10571853,TACGTGTC,S000281
ACGTATERD1,-,-,12535340,ACGT,S000415
ACGTCBOX,L345501,GenBank,8119490,GACGTC,S000131
ACGTOSGLUB1,-,-,10394940,GTACGTG,S000278
ACGTROOT1,-,-,1467649,GCCACGTGGC,S000016
ACGTSEED2,-,-,8281041,ACACACGTCAA,S000018
ACGTSEED3,-,-,1467649,GTACGTGGCG,S000019
ACGTTBOX,-,-,8119490,AACGTT,S000132
ACIIIPVPAL2,-,-,7599647,GTTAGGTTC,S000194
ACIIPVPAL2,-,-,7599647,CCACCAACCCCC,S000193
ACIPVPAL2,-,-,7599647,CCCACCTACC,S000192
AGAMOUSATCONSENSUS,-,-,8106084,TTDCCWWWWWWGGHAA,S000342
AGATCONSENSUS,-,-,7901838,TTWCCWWWWNNGGWW,S000316
AGCBOXNPGLB,-,-,8425042,AGCCGCC,S000232
AGL1ATCONSENSUS,-,-,8597661,NTTDCCWWWWNNGGWAAN,S000338
AGL2ATCONSENSUS,-,-,8597661,NNWNCCAWWWWTRGWWAN,S000339
AGL3ATCONSENSUS,U81368,GenBank,7632923,TTWCYAWWWWTRGWAA,S000343
AGMOTIFNTMYB2,-,-,14617085,AGATCCAA,S000444
AGTACSAO,D45066,GenBank,9871365,AAAAAGTAAAAAGTAAAAAAGTAAAAAG,S000258
ALF1NTPARC,-,-,9729895,TTACGCAAGCAATGACA,S000238
ALF2NTPARB,-,-,9729895,TGAGGAGACTTGTGAGGT,S000239
AMMORESIIUDCRNIA1,-,-,11289512,GGWAGGGT,S000374
AMMORESIVDCRNIA1,-,-,11289512,CGAACTT,S000375
AMMORESVDCRNIA1,-,-,11289512,GGCCCCGGG,S000376
AMYBOX1,X16509,GenBank,2102847,TAACARA,S000020
AMYBOX2,X16509,GenBank,2102847,TATCCAT,S000021
ANAERO1CONSENSUS,-,-,16027132,AAACAAA,S000477
ANAERO2CONSENSUS,-,-,16027132,AGCAGC,S000478
ANAERO3CONSENSUS,-,-,16027132,TCATCAC,S000479
ANAERO4CONSENSUS,-,-,16027132,GTTTHGCAA,S000480
ANAERO5CONSENSUS,-,-,16027132,TTCCCTGTT,S000481
ANAEROBICCISZMGAPC4,-,-,10949370,CGAAACCAGCAACGGTCCAG,S000350
ARE1,-,-,1646813,RGTGACNNNGC,S000022
ARECOREZMGAPC4,-,-,11690643,AGCAACGGTC,S000393
ARELIKEGHPGDFR2,-,-,14605235,AGTTGAATGGGGGTGCA,S000437
ARFAT,-,-,10476078,TGTCTC,S000270
ARR1AT,-,-,11135105,NGATT,S000454
AS1CAMV,-,-,2813365,CCACTGACGTAAGGGATGACGCACAATCC,S000023
AS1LIKECSHPRA,-,-,9862489,AAATGACGAAAATGC,S000260
ASF1ATNOS,-,-,2351681,TGAGCTAAGCACATACGTCAG,S000073
ASF1MOTIFCAMV,-,-,12953119,TGACG,S000024
ASF1NTPARA,-,-,9729895,TTACGCAAGCAATGACAT,S000240
AT1BOX,X12512,GenBank,2562560,AATATTTTTATT,S000025
ATHB1ATCONSENSUS,-,-,8253077,CAATWATTG,S000317
ATHB2ATCONSENSUS,-,-,8253077,CAATSATTG,S000318
ATHB5ATCORE,-,-,11247607,CAATNATTG,S000371
ATHB6COREAT,-,-,12065416,CAATTATTA,S000399
ATRICHPSPETE,-,-,9678583,AATATACTAGTATTATTTACTAAAAAAAATC,S000248
AUXREPSIAA4,X68216,GenBank,8411166,KGTCCCAT,S000026
AUXRETGA1GMGH3,-,-,8038604,TGACGTAA,S000234
AUXRETGA2GMGH3,-,-,8038604,TGACGTGGC,S000235
B2GMAUX28,-,-,8490133,CTTGTCGTCA,S000325
BBOXSITE1STPAT,-,-,12028578,GCTAAACAAT,S000398
BIHD1OS,-,-,16163610,TGTCA,S000498
BOX1PSGS2,U22971,GenBank,7907505,ATAGAAATCAA,S000222
BOX1PVCHS15,X59469,GenBank,1893099,TAAAAGTTAAAAAC,S000208
BOX2PSGS2,U22971,GenBank,7630938,TCTAAGCAAAG,S000204
BOX2PVCHS15,X59469,GenBank,1893099,CTGTGATTAAATAT,S000209
BOX3PVCHS15,X59469,GenBank,1893099,TATTGGTTACTAAA,S000210
BOXBPSAS1,-,-,9418044,AAACGACACCGTTT,S000225
BOXC'PSAS1,-,-,9418044,TCCCGGTACACACTTCTT,S000227
BOXCPSAS1,-,-,9418044,CTCCCAC,S000226
BOXICHS,-,-,2371277,GTCCMTCMAACCTAMC,S000228
BOXIINTPATPB,-,-,10488244,ATAGAA,S000296
BOXIIPCCHS,-,-,2371277,ACGTGGC,S000229
BOXINTPATPB,-,-,10488244,AATTCCATAGAATAGATAATA,S000295
BOXLCOREDCPAL,-,-,16270227,ACCWWCC,S000492
BP5OSWX,-,-,12947109,CAACGTG,S000436
BS1EGCCR,-,-,10972892,AGCGGG,S000352
C1GMAUX28,-,-,8490133,TGAAAACAGTGAGTTA,S000326
C1MOTIFZMBZ2,-,-,8980512,TAACTSAGTTA,S000237
C2GMAUX28,-,-,8490133,AATAATAATAATAATAAATA,S000327
CAATBOX1,-,-,2710102,CAAT,S000028
CAATBOX2,-,-,-,GGCCAATCT,S000029
CACGCAATGMGH3,-,-,7580254,CACGCAAT,S000368
CACGTGMOTIF,-,-,12609027,CACGTG,S000042
CACTFTPPCA1,-,-,15100398,YACT,S000449
CANBNNAPA,-,-,9002600,CNAACAC,S000148
CAREOSREP1,-,-,12787245,CAACTC,S000421
CARG1ATAP3,-,-,9521903,GTTTACATAAATGGAAAA,S000347
CARG2ATAP3,-,-,9521903,CTTACCTTTCATGGATTA,S000348
CARG3ATAP3,-,-,9521903,CTTTCCATTTTTAGTAAC,S000349
CARGATCONSENSUS,-,-,12169635,CCWWWWWWGG,S000404
CARGCW8GAT,-,-,12743119,CWWWWWWWWG,S000431
CARGNCAT,-,-,15084721,CCWWWWWWWWGG,S000446
CATATGGMSAUR,-,-,-,CATATG,S000370
CBFHV,-,-,12140339,RYCGAC,S000497
CCA1ATLHCB1,-,-,9144958,AAMAATCT,S000149
CCAATBOX1,-,-,1736093,CCAAT,S000030
CCTCGTGTCTCGMGH3,-,-,7580254,CCTCGTGTCTC,S000369
CDA1ATCAB2,-,-,14563928,CAAAACGC,S000440
CE3OSOSEM,-,-,10571853,AACGCGTGTC,S000282
CELLCYCLESC,-,-,3542227,CACGAAAA,S000031
CEREGLUBOX1PSLEGA,-,-,2710102,TGTTAAAGT,S000032
CEREGLUBOX2PSLEGA,-,-,2710102,TGAAAACT,S000033
CEREGLUBOX3PSLEGA,-,-,2710102,TGTAAAAGT,S000034
CGACGOSAMY3,-,-,9484474,CGACG,S000205
CGCGBOXAT,-,-,12218065,VCGCGB,S000501
CGF1ATCAB2,-,-,7987408,GATAAAGATTACTTCAGATATAACAAACGTTAC,S000213
CGTGTSPHZMC1,-,-,8768375,CGTGTCGTCCATGCAT,S000294
CIACADIANLELHC,-,-,9747810,CAANNNNATC,S000252
CMSRE1IBSPOA,-,-,15654621,TGGACGG,S000511
CONSERVED11NTZMATP1,-,-,1372246,ACGTATTAAAA,S000301
COREOS,-,-,15618434,AAKAATWYRTAWATAAAAMTTTTATWTA,S000469
CPBCSPOR,-,-,16244912,TATTAG,S000491
CPRFPCCHS,-,-,2050115,CCACGTGGCC,S000313
CRTDREHVCBF2,-,-,12535350,GTCGAC,S000411
CTRMCAMV35S,-,-,15507598,TCTCTCTCT,S000460
CURECORECR,-,-,10692397,GTAC,S000493
CYTOSITECSHPRA,-,-,9862489,AAGATTGATTGAG,S000261
D1GMAUX28,-,-,8490133,ACAGTTACTA,S000328
D2GMAUX28,-,-,8490133,ATTTATATAAAT,S000329
D3GMAUX28,-,-,8490133,TATTTGCTTAA,S000330
D4GMAUX28,-,-,8490133,TAGTGCTGT,S000331
DE1PSPRA2,-,-,10777499,GGATTTTACAGT,S000379
DOFCOREZM,-,-,10074718,AAAG,S000265
DPBFCOREDCDC3,AF061870,GenBank,9225465,ACACNNG,S000292
DR5GMGH3,-,-,9401121,CCTTTTGTCTC,S000337
DRE1COREZMRAB17,-,-,9225468,ACCGAGA,S000401
DRE2COREZMRAB17,-,-,9225468,ACCGAC,S000402
DRECRTCOREAT,-,-,12609047,RCCGAC,S000418
DREDR1ATRD29AB,-,-,10096298,TACCGACAT,S000152
E2F1OSPCNA,-,-,12060226,GCGGGAAA,S000396
E2FANTRNR,-,-,11041892,TTTCCCGC,S000366
E2FAT,-,-,12609051,TYTCCCGCC,S000417
E2FBNTRNR,-,-,11041892,GCGGCAAA,S000367
E2FCONSENSUS,-,-,16126853,WTTSSCSS,S000476
EBOXBNNAPA,-,-,8818291,CANNTG,S000144
EECCRCAH1,-,-,14555782,GANTTNC,S000494
EIN3ATERF1,AF076277,GenBank,9851977,GGATTCAAGGGGCATGTATCTTGAATCC,S000332
ELEMENT1GMLBC3,-,-,-,GATATATTAATATTTTATTTTATA,S000319
ELEMENT2GMLBC3,-,-,-,CTTAAATTATTTATTT,S000320
ELRE1PCPAL1,X15473,GenBank,2767049,CTCCAACAAACCCCTTC,S000306
ELRE2PCPAL1,X15473,GenBank,2767049,ATTCTCACCTACCA,S000307
ELRECOREPCRP1,U48862,GenBank,8896462,TTGACC,S000142
ELRENTCHN50,-,-,9177314,GGTCANNNAGTC,S000155
EMBP1TAEM,M62893,GenBank,2145628,CACGTGGC,S000119
EMHVCHORD,-,-,8220485,TGTAAAGT,S000452
EREGCC,Y09942,GenBank,12654868,TAAGAGCCGCC,S000036
ERELEE4,-,-,8090746,AWTTCAAA,S000037
ESPASGL01,-,-,16915522,ACATGTCATCATGT,S000509
EVENINGAT,-,-,11118138,AAAATATCT,S000385
GADOWNAT,-,-,12837949,ACGTGTC,S000438
GAGA8HVBKN3,-,-,12795701,GAGAGAGAGAGAGAGA,S000427
GAGAGMGSA1,-,-,12177492,GAGAGAGAGAGAGAGAGA,S000405
GARE1OSREP1,-,-,12787245,TAACAGA,S000419
GARE2,X16509,GenBank,2102847,RTAACARANTCYGG,S000165
GARE2OSREP1,-,-,12787245,TAACGTA,S000420
GARE4HVEPB1,-,-,10476058,GTAACAGAATGCTGG,S000297
GAREAT,-,-,12837949,TAACAAR,S000439
GAREHVAMY1,-,-,1831269,GGCCGATAACAAACTCCGGCC,S000038
GATABOX,-,-,2535536,GATA,S000039
GBOX10NT,-,-,-,GCCACGTGCC,S000272
GBOXLERBCS,-,-,2902624,MCACGTGGC,S000041
GBOXPC,-,-,8205004,ACCACGTGGC,S000324
GBOXRELOSAMY3,-,-,9484474,CTACGTGGCCA,S000206
GBOXSORBCS1,-,-,8165263,TCCACGTGGT,S000380
GCAACREPEATZMZEIN,-,-,1883992,GCAACGCAAC,S000027
GCBP2ZMGAPC4,-,-,10949370,GTGGGCCCG,S000351
GCCCORE,-,-,12805630,GCCGCC,S000430
GCN4OSGLUB1,-,-,10394940,TGAGTCA,S000277
GGTCCCATGMSAUR,-,-,-,GGTCCCAT,S000360
GLMHVCHORD,-,-,8220485,RTGASTCAT,S000451
GLUTAACAOS,-,-,2277646,AACAAACTCTAT,S000045
GLUTEBOX1OSGT2,X52153,GenBank,2263449,ATATCATGAGTCACTTCA,S000046
GLUTEBOX1OSGT3,-,-,-,TATCTAGTGAGTCACTTCA,S000128
GLUTEBOX2OSGT2,X52153,GenBank,2263449,TCCGTGTACCA,S000047
GLUTEBOX2OSGT3,-,-,-,CTTTTGTGTACCTTA,S000129
GLUTEBP1OS,-,-,-,AAGCAACACACAAC,S000048
GLUTEBP2OS,-,-,-,ATGCTCAATAGATATAAGT,S000049
GLUTECOREOS,-,-,2277646,CTTTCGTGTAC,S000050
GMHDLGMVSPB,-,-,11161037,CATTAATTAG,S000372
GRAZMRAB17,-,-,9225468,CACTGGCCGCCC,S000150
GRAZMRAB28,-,-,11407411,CATGCCGCC,S000220
GREGIONNTPRB1B,-,-,8219081,TGGCGGCTCTTATCTCACGTGATG,S000364
GT1CONSENSUS,-,-,8955086,GRWAAW,S000198
GT1CORE,-,-,3243271,GGTTAA,S000125
GT1GMSCAM4,-,-,15310827,GAAAAA,S000453
GT1MOTIFPSRBCS,-,-,3243271,KWGTGRWAAWRW,S000051
GT2OSPHYA,-,-,2255908,GCGGTAATT,S000207
GTGANTG10,-,-,11414616,GTGA,S000378
HBOXCONSENSUSPVCHS,-,-,1409628,CCTACCNNNNNNNCT,S000200
HBOXPVCHS15,-,-,8401613,CCTACCNNNNNNNCTNNNNA,S000361
HDMOTIFPCPR2,-,-,7913642,CTAATTGTTTA,S000233
HDZIP2ATATHB2,-,-,11260495,TAATMATTA,S000373
HDZIPIIIAT,-,-,9747806,GTAATSATTAC,S000475
HEXAMERATH4,-,-,8811858,CCGTCG,S000146
HEXAT,X68053,GenBank,1446171,TGACGTGG,S000334
HEXMOTIFTAH3H4,-,-,2822486,ACGTCA,S000053
HSE,-,-,10849352,CTNGAANNTTCNAG,S000054
HSELIKENTACIDICPR1,-,-,-,CNNGAANNNTTCNNG,S000056
HSELIKENTGLN2,X53600,GenBank,2103484,AGGAATTCCT,S000057
HSRENTHSR203J,-,-,11439136,CAAAATTTTGTA,S000466
HY5AT,-,-,9596629,TGACACGTGGCA,S000345
IBOX,-,-,2902624,GATAAG,S000124
IBOXCORE,-,-,-,GATAA,S000199
IBOXCORENT,-,-,11950971,GATAAGR,S000424
IBOXLSCMCUCUMISIN,-,-,11782472,AGATATGATAAAA,S000423
IDE1HVIDS2,-,-,14675444,ATCAAGCATGCTTCTTGC,S000463
IDE2HVIDS2,-,-,14675444,TTGAACGGCAAGTTTCACGCTGTCACT,S000464
IDRSZMFER1,-,-,11092880,CACGAGSCCKCCAC,S000445
INRNTPSADB,-,-,12060222,YTCANTYY,S000395
INTRONLOWER,-,-,3808952,TGCAGG,S000086
INTRONUPPER,-,-,3808952,MAGGTAAGT,S000085
IRO2OS,-,-,16887895,CACGTGG,S000505
JASE1ATOPR1,-,-,11725945,CGTCAATGAA,S000388
JASE2ATOPR1,-,-,11725945,CATACGTCGTCAA,S000389
JERECRSTR,-,-,10449411,CTCTTAGACCGCCTTCTTTGAAAG,S000384
L1BOXATPDF1,-,-,11439135,TAAATGYA,S000386
L1DCPAL1,-,-,12194222,ATTCACCTACCC,S000504
L4DCPAL1,-,-,12194222,AATCTCCAACCA,S000503
LBOXLERBCS,-,-,2902624,AAATTAACCAA,S000126
LEAFYATAG,-,-,12904206,CCAATGT,S000432
LECPLEACS2,-,-,15749766,TAAAATAT,S000465
LEGUMINBOXLEGA5,X03677,GenBank,3960730,TCCATAGCCATGCAWRCTGMAGAATGTC,S000060
LREBOX2PSRBCS3,-,-,3678200,TGTGTGGTTAATATG,S000061
LREBOX3PSRBCS3,-,-,3678200,ACTATTTTCACTATC,S000062
LREBOXIIPCCHS1,-,-,2566481,TCCACGTGGC,S000303
LREBOXIPCCHS1,-,-,2566481,AACCTAACCT,S000302
LRENPCABE,X12512,GenBank,2901343,ACGTGGCA,S000231
LS5ATPR1,-,-,10662863,TCTACGTCAC,S000323
LS7ATPR1,-,-,10662863,ACGTCATAGA,S000322
LTRE1HVBLT49,-,-,9747801,CCGAAA,S000250
LTREATLTI78,X67670,GenBank,8448363,ACCGACA,S000157
LTRECOREATCOR15,U01377,GenBank,8193295,CCGAC,S000153
MARABOX1,-,-,2695485,AATAAAYAAA,S000063
MARARS,-,-,2695485,WTTTATRTTTW,S000064
MARCEN3,-,-,2695485,TGTTTWTGNTTTCCGAAANNNNWWW,S000065
MARTBOX,-,-,2695485,TTWTWTTWTT,S000067
MEJARELELOX,U63117,GenBank,9106507,GATACANNAATNTGATG,S000151
MNF1ZMPPC1,-,-,9747808,GTGCCCTT,S000251
MREATCHS,-,-,9526507,TCTAACCTACCA,S000356
MRNA3ENDTAH3,-,-,8152910,AATGGAAATG,S000069
MRNASTA1CRPSBD,-,-,10330479,CUCUUTGUTTUU,S000274
MRNASTA2CRPSBD,-,-,10330479,UGAGUUG,S000275
MSACRCYM,-,-,9501108,AGACCGTTG,S000236
MYB1AT,-,-,12509522,WAACCA,S000408
MYB1LEPR,-,-,14630974,GTTAGTT,S000443
MYB26PS,-,-,9450341,GTTAGGTT,S000182
MYB2AT,D14712,GenBank,8312738,TAACTG,S000177
MYB2CONSENSUSAT,-,-,12509522,YAACKG,S000409
MYBATRD22,-,-,9368419,CTAACCA,S000175
MYBCORE,D14712,GenBank,2279697,CNGTTR,S000176
MYBCOREATCYCB1,-,-,12139003,AACGG,S000502
MYBGAHV,-,-,8535141,TAACAAA,S000181
MYBPLANT,-,-,8306956,MACCWAMC,S000167
MYBPZM,-,-,8313474,CCWACC,S000179
MYBST1,-,-,7957104,GGATA,S000180
MYCATERD1,-,-,12535340,CATGTG,S000413
MYCATRD22,-,-,9368419,CACATG,S000174
MYCCONSENSUSAT,-,-,12509522,CANNTG,S000407
NAPINMOTIFBN,X58142,GenBank,2029903,TACACAT,S000070
NDEGMSAUR,-,-,7972520,CCATATGCCATGTCTCTCAATTGGTCCCAT,S000359
NODCON1GM,-,-,3822835,AAAGAT,S000461
NODCON2GM,-,-,3822835,CTCTT,S000462
NONAMERATH4,-,-,8811858,AGATCGACG,S000147
NONAMERMOTIFTAH3H4,S95162,GenBank,1563517,CATCCAACG,S000071
NRRBNEXTA,-,-,9687071,TAGTGGAT,S000242
NTBBF1ARROLB,AJ009594,GenBank,10072394,ACTTTA,S000273
O2F1BE2S1,X78287,GenBank,9290640,TCCACGTCGA,S000162
O2F2BE2S1,X78287,GenBank,9290640,GCCACCTCAT,S000163
O2F3BE2S1,X78287,GenBank,9290640,TCCACGTACT,S000164
OBF5ATGST6,X69899,GenBank,9011080,ATCTTATGTCATTGATGACGACCTCC,S000304
OBP1ATGST6,X69899,GenBank,9011080,TACACTTTTGG,S000305
OCETYPEIIINTHISTONE,-,-,10417712,GATCCGCGNNNNNNNNNNNNNNACCAATCS,S000269
OCETYPEIINTHISTONE,-,-,10417712,TCACGCGGATC,S000268
OCETYPEINTHISTONE,-,-,10417712,CCACGTCANCGATCCGCG,S000267
OCSELEMENTAT,-,-,2591372,TGACGYAAGSRMTKACGYMM,S000158
OCSENHANMOTIFAT,-,-,2726750,ACGTAAGCGCTTACGT,S000074
OCSGMGH24,-,-,7811965,CGGTTTACGTAATCTCTTACATCA,S000346
OCSGMHSP26A,-,-,8220489,TGATGTAAGAGATTACGTAA,S000357
OCTAMERMOTIFTAH3H4,S95162,GenBank,1563517,CGCGGATC,S000076
OCTAMOTIF2,-,-,-,CGCGGCAT,S000116
OPAQUE2ZM22Z,M86591,GenBank,1392590,TCCACGTAGA,S000017
OPAQUE2ZMB32,-,-,2001677,GATGAYRTGG,S000077
OSE1ROOTNODULE,-,-,14714869,AAAGAT,S000467
OSE2ROOTNODULE,-,-,14714869,CTCTT,S000468
P1BS,-,-,11511543,GNATATNC,S000459
PALBOXAPC,L37355,GenBank,7597051,CCGTCC,S000137
PALBOXLPC,L37355,GenBank,7597051,YCYYACCWACC,S000138
PALBOXPPC,L37355,GenBank,7597051,YTYYMMCMAMCMMC,S000136
PALINDROMICCBOXGM,-,-,9721678,TGACGTCA,S000255
PASNTPARA,-,-,8756498,TTACGCAAGCAATGACATCT,S000336
PE1ASPHYA3,-,-,2152109,GAAATAGCAAATGTTAAAAATA,S000196
PE2FNTRNR1A,-,-,14990748,ATTCGCGC,S000455
PE3ASPHYA3,-,-,2152109,CAGCTCCCATGGCTCTCCCATCCGCGCCGGT,S000197
PIATGAPB,-,-,11442054,GTGATCAC,S000381
PIIATGAPB,-,-,11442054,TTGGTTTTGATCAAAACCAA,S000382
POLASIG1,M24286,GenBank,3697078,AATAAA,S000080
POLASIG2,M24286,GenBank,2370848,AATTAAA,S000081
POLASIG3,-,-,3697078,AATAAT,S000088
POLLEN1LELAT52,-,-,9678581,AGAAA,S000245
POLLEN2LELAT52,-,-,9678581,TCCACCATA,S000246
PR2GCNT,X53600,GenBank,2103484,TAARAGCCGCC,S000089
PREATPRODH,-,-,12376638,ACTCAT,S000450
PRECONSCRHSP70A,-,-,16971458,SCGAYNRNNNNNNNNNNNNNNNHD,S000506
PREMOTIFNPCABE,X12512,GenBank,2901343,ACCGGCCCACTT,S000230
PROLAMINBOX,M86591,GenBank,1392590,CACATGTGTAAAGGT,S000091
PROLAMINBOXOSGLUB1,-,-,10929134,TGCAAAG,S000354
PROXBBNNAPA,-,-,10480393,CAAACACC,S000263
PSREGIONZMZM13,-,-,9747811,TCGGCCACTATTTCTACGGGCAGCCAGACAAA,S000253
PYRIMIDINEBOXHVEPB1,-,-,10476058,TTTTTTCC,S000298
PYRIMIDINEBOXOSRAMY1A,-,-,9506846,CCTTTT,S000259
QARBNEXTA,-,-,9687071,AACGTGT,S000244
QELEMENTZMZM13,-,-,9747811,AGGTCA,S000254
RAV1AAT,-,-,9862967,CAACA,S000314
RAV1BAT,-,-,9862967,CACCTG,S000315
RBCSBOX2PS,-,-,3243271,GTGTGGTTAATATG,S000094
RBCSBOX3PS,-,-,3243271,ATCATTTTCACT,S000095
RBCSCONSENSUS,-,-,2347304,AATCCAA,S000127
RBCSGBOXPS,-,-,2152164,CACATGGCACT,S000096
RBENTGA3,-,-,10852936,TCCAACTTGGA,S000358
RE1ASPHYA3,-,-,1915276,CATGGGCGCGG,S000195
REALPHALGLHCB21,-,-,8597658,AACCAA,S000362
REBETALGLHCB21,-,-,8597658,CGGATA,S000363
REGION1OSOSEM,U22102,GenBank,7599651,CGGCGGCCTCGCCACG,S000300
RGATAOS,-,-,9418055,CAGAAGATA,S000191
RHERPATEXPA7,-,-,17098810,KCACGW,S000512
RNFG1OS,-,-,7599653,GATCATCGATC,S000188
RNFG2OS,-,-,7599653,CCAGTGTGCCCCTGG,S000189
ROOTMOTIFTAPOX1,-,-,7581519,ATATT,S000098
RSEPVGRP1,-,-,7581519,CAACTTTCATAT,S000099
RSEPVGRP18,-,-,7948928,CATCCAACTTTCATATCCATGTGCTT,S000289
RSRBNEXTA,-,-,9687071,CAAACTCGTATATCCAT,S000243
RYREPEAT4,-,-,1532784,TCCATGCATGCAC,S000010
RYREPEATBNNAPA,-,-,10480393,CATGCA,S000264
RYREPEATGMGY2,-,-,16668640,CATGCAT,S000105
RYREPEATLEGUMINBOX,-,-,8111031,CATGCAY,S000100
RYREPEATVFLEB4,U22102,GenBank,16270233,CATGCATG,S000102
S1FBOXSORPS1L21,M64682,GenBank,1429696,ATGGTA,S000223
S1FSORPL21,M64682,GenBank,1429696,ATGGTATT,S000215
S2FSORPL21,-,-,9286115,CCATACATT,S000166
SARECAMV,-,-,8061520,CTGACGTAAGGGATGACGCAC,S000156
SB1NPABC1,-,-,12848828,CACTAACACAAAGTAA,S000435
SB3NPABC1,-,-,12848828,TTATGAACAGTAATT,S000434
SBOXATRBCS,-,-,16098105,CACCTCCA,S000500
SE1PVGRP18,-,-,7948928,ATAATGGGCCACACTGTGGGGCAT,S000288
SE2PVGRP1,-,-,7581519,TTNNNGTAGCTAGTGTATTTGTAT,S000101
SEBFCONSSTPR10A,-,-,11701886,YTGTCWC,S000391
SEF1MOTIF,-,-,2535514,ATATTTAWW,S000006
SEF3MOTIFGM,-,-,2535514,AACCCA,S000115
SEF4MOTIFGM7S,-,-,2535514,RTTTTTR,S000103
SGBFGMGMAUX28,L01447,GenBank,7670504,TCCACGTGTC,S000287
SITE1SORPS1,-,-,1429696,TCATGGTAACAATT,S000211
SITE3SORPS1,-,-,8206981,AGTTAGTTAAAAGA,S000212
SITEIIAOSPCNA,-,-,7599648,TGGGCCCGT,S000216
SITEIIATCYTC,-,-,16113211,TGGGCY,S000474
SITEIIBOSPCNA,-,-,7599648,TGGTCCCAC,S000217
SITEIOSPCNA,-,-,7599648,CCAGGTGG,S000224
SORLIP1AT,-,-,14681527,GCCAC,S000482
SORLIP2AT,-,-,14681527,GGGCC,S000483
SORLIP3AT,-,-,14681527,CTCAAGTGA,S000484
SORLIP4AT,-,-,14681527,GTATGATGG,S000485
SORLIP5AT,-,-,14681527,GAGTGAG,S000486
SORLREP2AT,-,-,14681527,ATAAAACGT,S000487
SORLREP3AT,-,-,14681527,TGTATATAT,S000488
SORLREP4AT,-,-,14681527,CTCCTAATT,S000489
SORLREP5AT,-,-,14681527,TTGCATGACT,S000490
SP8BFIBSP8AIB,-,-,1531033,ACTGTGTA,S000183
SP8BFIBSP8BIB,-,-,1531033,TACTATT,S000184
SPHCOREZMC1,-,-,9165754,TCCATGCAT,S000154
SPHZMC1,-,-,8768375,CGTCCATGCAT,S000293
SREATMSD,-,-,15908603,TTATCC,S000470
SRENTTTO1,-,-,10406122,TGGTAGGTGAGAT,S000271
SURE1STPAT21,-,-,8054988,AATAGAAAA,S000186
SURE2STPAT21,-,-,8054988,AATACTAAT,S000185
SUREAHVISO1,-,-,12953112,AAAACTAAGAAAGACCGATGGAAAA,S000441
SURECOREATSULTR11,-,-,15842617,GAGAC,S000499
SV40COREENHAN,-,-,6297005,GTGGWWHG,S000123
T/GBOXATPIN2,-,-,15231736,AACGTG,S000458
TAAAGSTKST1,-,-,11737782,TAAAG,S000387
TACBBFNTEAS4,-,-,-,ACTCTACAGTACTC,S000257
TATABOX1,-,-,14660650,CTATAAATAC,S000108
TATABOX2,-,-,2710102,TATAAAT,S000109
TATABOX3,-,-,-,TATTAAT,S000110
TATABOX4,-,-,14660650,TATATAA,S000111
TATABOX5,U22971,GenBank,7630938,TTATTT,S000203
TATABOXOSPAL,-,-,11971135,TATTTAA,S000400
TATAPVTRNALEU,-,-,10849359,TTTATATA,S000340
TATCCACHVAL21,-,-,12535346,TATCCAC,S000416
TATCCAOSAMY,-,-,12172034,TATCCA,S000403
TATCCAYMOTIFOSRAMY3D,-,-,9654148,TATCCAY,S000256
TBOXATGAPB,-,-,11442054,ACTTTG,S000383
TCA1MOTIF,-,-,8220463,TCATCTTCTT,S000159
TDBA12NTCHN50,-,-,10785665,TGACTTTCTGAC,S000266
TE2F2NTPCNA,-,-,12060226,ATTCCCGC,S000397
TEF1BOXATA1,-,-,1840652,ACAGGGGCATAATGGTAATTTAAA,S000311
TEFBOXATEEF1AA1,-,-,10652127,AGGGGCATAATGGTAA,S000309
TELOBOXATEEF1AA1,-,-,10652127,AAACCCTAA,S000308
TGA1ANTPR1A,-,-,9678582,CGTCATCGAGATGACG,S000247
TGACGTVMAMY,-,-,11427683,TGACGT,S000377
TGTCACACMCUCUMISIN,-,-,11782472,TGTCACA,S000422
TL1ATSAR,-,-,15890886,CTGAAGAAGAA,S000473
TOPOISOM,M30907,GenBank,2987816,GTNWAYATTNATNNG,S000112
TRANSINITDICOTS,-,-,9426620,AMNAUGGC,S000201
TRANSINITMONOCOTS,-,-,9426620,RMNAUGGC,S000202
TRANSTART,X51911,GenBank,3628002,TAAACAATGGCT,S000113
UP1ATMSD,-,-,15908603,GGCCCAWWW,S000471
UP2ATMSD,-,-,15908603,AAACCCTA,S000472
UPRE1AT,-,-,12535667,ATTGGTCCACG,S000428
UPRE2AT,-,-,12535667,CCACGTCATC,S000429
UPRMOTIFIAT,-,-,12566592,CCACGTCA,S000425
UPRMOTIFIIAT,-,-,12566592,CCNNNNNNNNNNNNCCACG,S000426
VOZATVPP,-,-,15295067,GCGTNNNNNNNACGC,S000456
VSF1PVGRP18,-,-,9700070,GCTCCGTTG,S000249
WARBNEXTA,-,-,9687071,GTACGTGTTATAAAACGTGT,S000241
WBBOXPCWRKY1,-,-,7969025,TTTGACY,S000310
WBOXATNPR1,-,-,11449049,TTGAC,S000390
WBOXGACAD1A,-,-,15133151,AGTCAAAATTGACC,S000448
WBOXHVISO1,-,-,12953112,TGACT,S000442
WBOXNTCHN48,-,-,15358520,CTGACY,S000508
WBOXNTERF3,-,-,15509567,TGACY,S000457
WINPSTPIIIK,-,-,2405385,AAGCGTAAGT,S000495
WRECSAA01,-,-,2405385,AAWGTATCSA,S000496
WRKY71OS,-,-,15047897,TGAC,S000447
WUSATAg,-,-,12904206,TTAATGG,S000433
XYLAT,-,-,16969662,ACAAAGAA,S000510
YREGIONNTPRB1B,-,-,8219081,TGTGACATTGAAATTCTTTGACTTTA,S000365
ZDNAFORMINGATCAB1,-,-,3054877,ATACGTGT,S000321
